target_fraction,subgroup_ate,standard_error,n,incremental_visits_per_100k_targeted,incremental_visits_per_100k_eligible
0.1,0.085362091503268,0.002410389047343996,300000,8536.2091503268,853.62091503268
0.2,0.04750065359477126,0.0013645788297699882,600000,4750.065359477126,950.0130718954252
0.30000000000000004,0.0321368191721133,0.0009350404208987964,900000,3213.68191721133,964.1045751633992
0.4,0.024203921568627437,0.0007085962631679063,1200000,2420.392156862744,968.1568627450974
0.5,0.019507712418300672,0.0005689517434252733,1500000,1950.771241830067,975.3856209150335
0.6,0.016335076252723322,0.0004752978584260702,1800000,1633.5076252723322,980.1045751633992
0.7000000000000001,0.014014379084967327,0.00040842864998137586,2100000,1401.4379084967327,981.006535947713
0.8,0.012269607843137258,0.0003585461290919705,2400000,1226.9607843137258,981.5686274509808
0.9,0.010904575163398695,0.00032046567291433745,2700000,1090.4575163398695,981.4117647058825
1.0,0.01016326797385621,0.00032284231691497543,3000000,1016.3267973856209,1016.3267973856209
