decile,n,mean_predicted_uplift,ipw_observed_effect,standard_error
10,300000,0.07129749530606136,0.08533986928104578,0.0024104941055713707
9,300000,0.009990148586233767,0.009661437908496731,0.0012760433788599399
8,300000,0.002298876620753149,0.0014091503267973878,0.0006447386106776753
7,300000,0.0008709424395512035,0.00040522875816993595,0.00040313606109363727
6,300000,0.0004621427044686711,0.0007228758169934639,0.00023967630461881135
5,300000,0.00031552076326010205,0.0004718954248366013,0.00019756578255398106
4,300000,0.0002230936863213077,7.189542483660185e-05,0.00020236151119408004
3,300000,0.00011257396469620707,7.45098039215685e-05,0.00022930314818943437
2,300000,-7.32392701598462e-05,-3.7908496732025775e-05,0.00030176881779807183
1,300000,-0.007431619089805236,0.0035137254901960904,0.0014503466901724024
